# sweep の凍結庫の封印（第279期・`sweep seal` が書く。手で編集しない）: コマンド	群	期	封印の版	日付	上限	exit	秒	出力の指紋	出力の行数
0 draft	G3	69	363c1c8+作業中	2026-10-06	600	0	165.2	7DCD125DFC2B6566	215
0 draft alt	G3	69	363c1c8+作業中	2026-10-06	600	0	166.4	6605C37D15CA1A99	215
0 draft2	G3	70	363c1c8+作業中	2026-10-06	600	0	206.1	2C18B10C048B945E	207
0 draft2 alt	G3	70	363c1c8+作業中	2026-10-06	600	0	211.7	4C48278D493DB607	207
0 draft3	G3	71	363c1c8+作業中	2026-10-06	600	0	425.6	AEA7E0C5C6A456C3	375
0 draft3 alt	G3	71	363c1c8+作業中	2026-10-06	600	0	425.1	20866523DBC5EB44	375
0 slope	G3	72	363c1c8+作業中	2026-10-06	600	0	355.7	ED7E74BB05CE376F	317
0 slope alt	G3	72	363c1c8+作業中	2026-10-06	600	0	356.2	0EAA3F982D4EEF4D	317
0 creak3	G3	77	363c1c8+作業中	2026-10-06	600	0	107.8	FEA15C9FB635B9AA	171
0 creak3 alt	G3	77	363c1c8+作業中	2026-10-06	600	0	104.8	C803781B3FE6B216	171
0 traits	G3	78	363c1c8+作業中	2026-10-06	600	0	112.3	94B7CC65408F8A84	283
0 traits alt	G3	78	363c1c8+作業中	2026-10-06	600	0	112.4	1CCFC5ED28834DF3	283
0 pairs	G3	80	363c1c8+作業中	2026-10-06	600	-532462766	226.8	FCFA7A7CA640A00A	580
0 pairs2	G3	81	363c1c8+作業中	2026-10-06	600	124	600.3	—	0
0 soak redo89	G3	90	363c1c8+作業中	2026-10-06	600	0	91.8	98980D70CD661722	57
0 hold2 seats	G3	107	363c1c8+作業中	2026-10-06	600	0	179.2	0B4063B2E7EB2D58	250
0 lit reseat	G3	113	363c1c8+作業中	2026-10-06	600	0	159.5	C86A57F49E66D683	1072
0 stage rho	G3	158	363c1c8+作業中	2026-10-06	600	0	123.2	147E6911C64E04BA	198
0 stage perm	G3	159	363c1c8+作業中	2026-10-06	600	0	374.2	7F23271F80B44429	297
0 stage permsd	G3	159	363c1c8+作業中	2026-10-06	600	124	600.2	—	3
0 stage cross	G3	163	363c1c8+作業中	2026-10-06	600	0	301.4	E35BEF1480014CEA	322
0 stage catalog	G3	164	363c1c8+作業中	2026-10-06	600	0	298.8	8F1834841955C8E1	351
0 stage short	G3	165	363c1c8+作業中	2026-10-06	600	124	600.4	—	0
0 stage catalog seeds=800	G3	165	363c1c8+作業中	2026-10-06	600	124	600.3	—	0
0 form2 run202	G3	202	363c1c8+作業中	2026-10-06	600	0	105.8	6AF08372AC421D6B	170
0 gradient	G4	5	363c1c8+作業中	2026-10-06	1800	0	1310.1	CE4CDC06BDE03D40	266
0 bridge	G4	7	363c1c8+作業中	2026-10-06	1800	0	464.9	FCEB104F98F8AEAD	267
0 wave	G4	15	363c1c8+作業中	2026-10-06	1800	-532462766	534.9	8DC95C30F70247C7	456
0 dissect	G4	16	363c1c8+作業中	2026-10-06	1800	-532462766	308.1	9D26BFDA3384505D	683
0 output	G4	17	363c1c8+作業中	2026-10-06	1800	-532462766	410.4	BEC44EB5096D7BD3	477
0 convert	G4	18	363c1c8+作業中	2026-10-06	1800	-532462766	421.0	DFC039697E916F67	322
0 seats2 degree	G4	45	363c1c8+作業中	2026-10-06	1800	0	294.1	B0B6CE16D0F18171	84
0 seats2	G4	45	363c1c8+作業中	2026-10-06	1800	124	1800.3	—	620
0 scapegoat	G4	49	363c1c8+作業中	2026-10-06	1800	0	298.6	2E777FCBECBC1375	142
0 divert	G4	50	363c1c8+作業中	2026-10-06	1800	0	483.8	EBD4FFEFE3A7267A	386
0 divert seats	G4	50	363c1c8+作業中	2026-10-06	1800	0	261.0	5D94EB55F97C6386	85
0 spend	G4	65	363c1c8+作業中	2026-10-06	1800	-532462766	387.1	0DFE82157194B342	13
0 spend alt	G4	65	363c1c8+作業中	2026-10-06	1800	-532462766	662.6	596F39E7250B27D5	13
0 carry solo	G4	68	363c1c8+作業中	2026-10-06	1800	0	255.3	049400EC1715842C	411
0 creak alt	G4	77	363c1c8+作業中	2026-10-06	1800	0	440.9	AB57AA95B249195C	51
0 hold tables	G4	106	363c1c8+作業中	2026-10-06	1800	0	346.3	D82ADBA0A5A3E465	138
0 wall run	G4	136	363c1c8+作業中	2026-10-06	1800	0	267.0	C996FA996C860DFF	271
0 shard check docs/balance.md	G4	138	363c1c8+作業中	2026-10-06	1800	0	243.0	58F2485D162F920E	87
0 tumult scan probe	G4	144	363c1c8+作業中	2026-10-06	1800	124	1800.3	—	22
0 gust check	G4	151	363c1c8+作業中	2026-10-06	1800	0	250.6	D950CD5D211024B7	50
0 yoke	G4	25	363c1c8+作業中	2026-10-06	1800	0	190.8	1EFAF0692483D6BE	241
